Model,R2,RMSE
LinearRegression,0.007113005323896138,6914383.661895409
Ridge (alpha=1.0),0.007113079633313202,6914383.403153059
Lasso (alpha=0.1),0.007113006244704123,6914383.658689194
